{
   "created_at":"Mon Nov 05 12:39:37 +0000 2018",
   "id":1059424996727119877,
   "id_str":"1059424996727119877",
   "text":"il popolo del blog,notizie,attualit\u00e0,opinioni ,fatti , musica,fotografia,poesia: IL #PD vale il 12,6%! L'analisi de\u2026 https:\/\/t.co\/R1vjq1tLXN",
   "source":"\u003ca href=\"http:\/\/twitter.com\" rel=\"nofollow\"\u003eTwitter Web Client\u003c\/a\u003e",
   "truncated":true,
   "in_reply_to_status_id":null,
   "in_reply_to_status_id_str":null,
   "in_reply_to_user_id":null,
   "in_reply_to_user_id_str":null,
   "in_reply_to_screen_name":null,
   "user":{
      "id":197056224,
      "id_str":"197056224",
      "name":"ANNA QUERCIA autrice",
      "screen_name":"ANNAQuercia",
      "location":"Italia",
      "url":"https:\/\/www.facebook.com\/Qam-234730419947779\/",
      "description":"http:\/\/rumoriapiancogno-annaquercia.blogspot.it\/",
      "translator_type":"none",
      "protected":false,
      "verified":false,
      "followers_count":3077,
      "friends_count":2769,
      "listed_count":50,
      "favourites_count":14670,
      "statuses_count":190816,
      "created_at":"Thu Sep 30 15:07:03 +0000 2010",
      "utc_offset":null,
      "time_zone":null,
      "geo_enabled":true,
      "lang":"it",
      "contributors_enabled":false,
      "is_translator":false,
      "profile_background_color":"000000",
      "profile_background_image_url":"http:\/\/abs.twimg.com\/images\/themes\/theme12\/bg.gif",
      "profile_background_image_url_https":"https:\/\/abs.twimg.com\/images\/themes\/theme12\/bg.gif",
      "profile_background_tile":false,
      "profile_link_color":"1B95E0",
      "profile_sidebar_border_color":"000000",
      "profile_sidebar_fill_color":"000000",
      "profile_text_color":"000000",
      "profile_use_background_image":false,
      "profile_image_url":"http:\/\/pbs.twimg.com\/profile_images\/1022218947821817858\/Wb9oj7wz_normal.jpg",
      "profile_image_url_https":"https:\/\/pbs.twimg.com\/profile_images\/1022218947821817858\/Wb9oj7wz_normal.jpg",
      "profile_banner_url":"https:\/\/pbs.twimg.com\/profile_banners\/197056224\/1482266759",
      "default_profile":false,
      "default_profile_image":false,
      "following":null,
      "follow_request_sent":null,
      "notifications":null
   },
   "geo":null,
   "coordinates":null,
   "place":null,
   "contributors":null,
   "is_quote_status":false,
   "extended_tweet":{
      "full_text":"il popolo del blog,notizie,attualit\u00e0,opinioni ,fatti , musica,fotografia,poesia: IL #PD vale il 12,6%! L'analisi dei #BigData dice ... https:\/\/t.co\/Y2j4mMuVIC",
      "display_text_range":[
         0,
         158
      ],
      "entities":{
         "hashtags":[
            {
               "text":"PD",
               "indices":[
                  84,
                  87
               ]
            },
            {
               "text":"BigData",
               "indices":[
                  117,
                  125
               ]
            }
         ],
         "urls":[
            {
               "url":"https:\/\/t.co\/Y2j4mMuVIC",
               "expanded_url":"https:\/\/rumoriapiancogno-annaquercia.blogspot.com\/2018\/11\/il-pd-vale-il-126-lanalisi-dei-bigdata.html?spref=tw",
               "display_url":"\u2026riapiancogno-annaquercia.blogspot.com\/2018\/11\/il-pd-\u2026",
               "indices":[
                  135,
                  158
               ]
            }
         ],
         "user_mentions":[

         ],
         "symbols":[

         ]
      }
   },
   "quote_count":0,
   "reply_count":0,
   "retweet_count":0,
   "favorite_count":0,
   "entities":{
      "hashtags":[
         {
            "text":"PD",
            "indices":[
               84,
               87
            ]
         }
      ],
      "urls":[
         {
            "url":"https:\/\/t.co\/R1vjq1tLXN",
            "expanded_url":"https:\/\/twitter.com\/i\/web\/status\/1059424996727119877",
            "display_url":"twitter.com\/i\/web\/status\/1\u2026",
            "indices":[
               117,
               140
            ]
         }
      ],
      "user_mentions":[

      ],
      "symbols":[

      ]
   },
   "favorited":false,
   "retweeted":false,
   "possibly_sensitive":false,
   "filter_level":"low",
   "lang":"it",
   "timestamp_ms":"1541421577041"
}
